{
  "format_version": "1.13.0",
  "netease:block_geometry": {
    "bones": [
      {
        "name": "root",
        "pivot": [-8, -1, 8],
        "rotation": [0, 0, 0]
      },
      {
        "cubes": [
          {
            "origin": [
              -8.411707772641233, 5.812989166821778, 7.317492915558729
            ],
            "pivot": [-8, 6.699999999999999, 8],
            "rotation": [0, 0, 0],
            "size": [0.5000000000000009, 1.5000000000000018, 0.5],
            "uv": {
              "down": {
                "texture": 0,
                "uv": [9, 3],
                "uv_size": [-1, 1]
              },
              "east": {
                "texture": 0,
                "uv": [8, 0],
                "uv_size": [1, 3]
              },
              "north": {
                "texture": 0,
                "uv": [8, 0],
                "uv_size": [1, 3]
              },
              "south": {
                "texture": 0,
                "uv": [8, 0],
                "uv_size": [1, 3]
              },
              "up": {
                "texture": 0,
                "uv": [8, 0],
                "uv_size": [1, 1]
              },
              "west": {
                "texture": 0,
                "uv": [8, 0],
                "uv_size": [1, 3]
              }
            }
          }
        ],
        "name": "branch_3",
        "parent": "root",
        "pivot": [-8, 6.699999999999999, 8],
        "rotation": [
          29.063653263933194, -18.097667920300218, -9.795033842440493
        ]
      },
      {
        "cubes": [
          {
            "origin": [
              -9.397239192301134, 6.483343678985611, 1.5628409315136382
            ],
            "pivot": [-8.777534776392743, 7.322814233456207, 6.450996128435251],
            "rotation": [22.5, 0, 0],
            "size": [4.500000000000001, 0.0, 4.500000000000005],
            "uv": {
              "up": {
                "texture": 1,
                "uv": [9, 9],
                "uv_size": [-9, -9]
              }
            }
          },
          {
            "origin": [
              -9.397239192301134, 6.398704006986614, 6.413638959715723
            ],
            "pivot": [-8.777534776392743, 7.322814233456207, 7.45099612843525],
            "rotation": [0, 0, 0],
            "size": [4.500000000000001, 0.0, 2.4999999999999982],
            "uv": {
              "up": {
                "texture": 1,
                "uv": [9, 14],
                "uv_size": [-9, -5]
              }
            }
          }
        ],
        "name": "leaf_base5",
        "parent": "branch_3",
        "pivot": [-7.527534776392743, 7.322814233456207, 8.95099612843525],
        "rotation": [-34.592982524757176, -15.61929926551413, 45.22639631339826]
      },
      {
        "cubes": [
          {
            "origin": [
              -10.752721962187257, 6.138705610020136, 0.45592457400103437
            ],
            "pivot": [-9.399999999999999, 6.9, 5.500000000000003],
            "rotation": [22.5, 0, 0],
            "size": [4.499999999999999, 0.0, 4.500000000000003],
            "uv": {
              "up": {
                "texture": 1,
                "uv": [9, 9],
                "uv_size": [-9, -9]
              }
            }
          },
          {
            "origin": [
              -10.752721962187259, 5.988447043395156, 5.288674599974981
            ],
            "pivot": [-9.399999999999999, 6.9, 6.500000000000002],
            "rotation": [0, 0, 0],
            "size": [4.500000000000001, 0.0, 2.499999999999999],
            "uv": {
              "up": {
                "texture": 1,
                "uv": [9, 14],
                "uv_size": [-9, -5]
              }
            }
          }
        ],
        "name": "leaf_base4",
        "parent": "branch_3",
        "pivot": [-8.149999999999999, 6.9, 8.000000000000002],
        "rotation": [-52.42563905766103, 43.70125376927224, -44.46998009811734]
      },
      {
        "cubes": [
          {
            "origin": [
              -9.151311680642841, 7.3605311111691245, 7.458777834671167
            ],
            "pivot": [-18.200000000000017, 8.2, 8.999999999999996],
            "rotation": [0, 0, 0],
            "size": [2.4999999999999973, 0.0, 1.9999999999999947],
            "uv": {
              "up": {
                "texture": 3,
                "uv": [0, 4],
                "uv_size": [5, 4]
              }
            }
          },
          {
            "origin": [-9.151311680642841, 7.20273299569268, 10.0555695031297],
            "pivot": [-7.949999999999996, 8.2, 9.999999999999996],
            "rotation": [-36, 0, 0],
            "size": [2.4999999999999973, 0.0, 2.0],
            "uv": {
              "up": {
                "texture": 3,
                "uv": [0, 0],
                "uv_size": [5, 4]
              }
            }
          }
        ],
        "name": "leaf_small_base3",
        "parent": "branch_3",
        "pivot": [-7.949999999999996, 8.2, 8.000000000000002],
        "rotation": [
          -120.83232597842093, -7.915112709340496, -176.63011875425428
        ]
      },
      {
        "cubes": [
          {
            "origin": [
              -7.889980478901347, 6.158374923538604, 9.362231608295646
            ],
            "pivot": [-7.46412514134916, 7.043611115850917, 9.163962730716445],
            "rotation": [7.5, 0, 0],
            "size": [0.5000000000000009, 2.9999999999999964, 0.5],
            "uv": {
              "down": {
                "texture": 0,
                "uv": [9, 4],
                "uv_size": [-1, 0]
              },
              "east": {
                "texture": 0,
                "uv": [8, 0],
                "uv_size": [1, 8]
              },
              "north": {
                "texture": 0,
                "uv": [8, 0],
                "uv_size": [1, 4]
              },
              "south": {
                "texture": 0,
                "uv": [8, 0],
                "uv_size": [1, 4]
              },
              "up": {
                "texture": 0,
                "uv": [8, 0],
                "uv_size": [1, 1]
              },
              "west": {
                "texture": 0,
                "uv": [8, 0],
                "uv_size": [1, 4]
              }
            }
          }
        ],
        "name": "branch_2",
        "parent": "root",
        "pivot": [-7.700000000000001, 8.6, 8.1],
        "rotation": [
          -35.648402481457545, -10.212354335117281, 7.246772967761459
        ]
      },
      {
        "cubes": [
          {
            "origin": [
              -10.22018575216931, 7.648997529191318, 1.692955755403891
            ],
            "pivot": [-9.039485545016749, 8.605005017835405, 6.424033917053683],
            "rotation": [32, 0, 0],
            "size": [4.500000000000004, 0.0, 4.5],
            "uv": {
              "up": {
                "texture": 1,
                "uv": [9, 9],
                "uv_size": [-9, -9]
              }
            }
          },
          {
            "origin": [
              -10.22018575216931, 7.671811917777681, 6.734675306986959
            ],
            "pivot": [-9.039485545016749, 8.605005017835405, 7.42403391705368],
            "rotation": [0, 0, 0],
            "size": [4.500000000000004, 0.0, 2.499999999999992],
            "uv": {
              "up": {
                "texture": 1,
                "uv": [9, 14],
                "uv_size": [-9, -5]
              }
            }
          }
        ],
        "name": "leaf_base3",
        "parent": "branch_2",
        "pivot": [-7.789485545016745, 8.605005017835405, 8.924033917053675],
        "rotation": [
          77.40694621442273, -45.288112389614184, -105.52993359102047
        ]
      },
      {
        "cubes": [
          {
            "origin": [
              -9.724658487156896, 6.8776437690934165, 2.0198497404481155
            ],