{
  "format_version": "1.13.0",
  "netease:block_geometry": {
    "bones": [
      {
        "cubes": [
          {
            "origin": [-8.25, -1, 7.75],
            "pivot": [-8, -1, 8],
            "rotation": [0, 0, 0],
            "size": [0.5, 8, 0.5],
            "uv": {
              "down": {
                "texture": 0,
                "uv": [1, 15],
                "uv_size": [-1, 1]
              },
              "east": {
                "texture": 0,
                "uv": [0, 0],
                "uv_size": [1, 16]
              },
              "north": {
                "texture": 0,
                "uv": [0, 0],
                "uv_size": [1, 16]
              },
              "south": {
                "texture": 0,
                "uv": [0, 0],
                "uv_size": [1, 16]
              },
              "up": {
                "texture": 0,
                "uv": [0, 0],
                "uv_size": [1, 1]
              },
              "west": {
                "texture": 0,
                "uv": [0, 0],
                "uv_size": [1, 16]
              }
            }
          }
        ],
        "name": "root",
        "pivot": [-8, -1, 8],
        "rotation": [0, 0, 0]
      },
      {
        "cubes": [
          {
            "origin": [
              -12.220413304501886, 0.28658706189294314, 4.687916931311072
            ],
            "pivot": [
              -10.470413304501886, 0.28658706189294314, 5.687916931311072
            ],
            "rotation": [
              -89.99999999999991, 3.1805546814635168e-15, -14.999999999999996
            ],
            "size": [3.5, 3.0, 0.0],
            "uv": {
              "north": {
                "texture": 5,
                "uv": [0, 7],
                "uv_size": [7, 6]
              }
            }
          },
          {
            "origin": [
              -12.220413304501886, 1.286587061892945, 8.687916931311072
            ],
            "pivot": [
              -10.470413304501886, 1.286587061892945, 8.687916931311072
            ],
            "rotation": [-112.5, -6.3611093629270335e-15, -14.999999999999996],
            "size": [3.5, 2.9999999999999982, 0.0],
            "uv": {
              "north": {
                "texture": 5,
                "uv": [0, 0],
                "uv_size": [7, 6]
              }
            }
          }
        ],
        "name": "leaf_tiny_die_1",
        "parent": "root",
        "pivot": [-10.470413304501884, 0.9696233655874185, 8.617647771588558],
        "rotation": [-50.19529180240215, -74.65679849449572, 51.32864732246199]
      },
      {
        "cubes": [
          {
            "origin": [
              -8.970413304501886, 0.7865870618929431, 1.1879169313110722
            ],
            "pivot": [
              -7.220413304501885, 0.7865870618929431, 2.1879169313110722
            ],
            "rotation": [-90, 0, 0],
            "size": [3.500000000000001, 3.0, 0.0],
            "uv": {
              "north": {
                "texture": 4,
                "uv": [0, 6],
                "uv_size": [7, 6]
              }
            }
          },
          {
            "origin": [
              -8.970413304501886, 1.786587061892944, 5.187916931311072
            ],
            "pivot": [-7.220413304501885, 1.786587061892944, 5.187916931311072],
            "rotation": [-125, 0, 0],
            "size": [3.500000000000001, 2.999999999999999, 0.0],
            "uv": {
              "north": {
                "texture": 4,
                "uv": [0, 0],
                "uv_size": [7, 6]
              }
            }
          }
        ],
        "name": "leaf_small_die_2",
        "parent": "root",
        "pivot": [-7.220413304501884, 1.4696233655874185, 5.117647771588558],
        "rotation": [175.38277131571013, 15.021808568418205, 176.41069347892173]
      },
      {
        "cubes": [
          {
            "origin": [
              -7.720413304501885, 0.28658706189294314, 6.187916931311072
            ],
            "pivot": [
              -5.970413304501885, 0.28658706189294314, 7.187916931311072
            ],
            "rotation": [-90, 0, 0],
            "size": [3.5, 3.0, 0.0],
            "uv": {
              "north": {
                "texture": 4,
                "uv": [0, 6],
                "uv_size": [7, 6]
              }
            }
          },
          {
            "origin": [
              -7.720413304501885, 1.286587061892944, 10.187916931311072
            ],
            "pivot": [
              -5.970413304501885, 1.286587061892944, 10.187916931311072
            ],
            "rotation": [-115, 0, 0],
            "size": [3.5, 2.999999999999999, 0.0],
            "uv": {
              "north": {
                "texture": 4,
                "uv": [0, 0],
                "uv_size": [7, 6]
              }
            }
          }
        ],
        "name": "leaf_small_die_1",
        "parent": "root",
        "pivot": [-5.970413304501884, 0.9696233655874185, 10.117647771588558],
        "rotation": [
          -7.7220715382077305, 44.73833669860052, -0.2478157666906981
        ]
      },
      {
        "cubes": [
          {
            "origin": [
              -7.720413304501885, 6.536587061892943, 3.4379169313110722
            ],
            "pivot": [-5.970413304501885, 6.536587061892943, 4.437916931311072],
            "rotation": [-90, 0, 0],
            "size": [3.5, 3.0, 0.0],
            "uv": {
              "north": {
                "texture": 3,
                "uv": [0, 7],
                "uv_size": [7, 6]
              }
            }
          },
          {
            "origin": [
              -7.720413304501885, 7.536587061892945, 7.437916931311072
            ],
            "pivot": [-5.970413304501885, 7.536587061892945, 7.437916931311072],
            "rotation": [-77.5, 0, 0],
            "size": [3.5, 2.9999999999999982, 0.0],
            "uv": {
              "north": {
                "texture": 3,
                "uv": [0, 0],
                "uv_size": [7, 6]
              }
            }
          }
        ],
        "name": "leaf_tiny_3",
        "parent": "root",
        "pivot": [-5.970413304501884, 7.2196233655874185, 7.367647771588558],
        "rotation": [-147.5, 64.99999999999993, -179.99999999999994]
      },
      {
        "cubes": [
          {
            "origin": [
              -11.220413304501886, 6.536587061892943, 5.437916931311072
            ],
            "pivot": [-9.470413304501886, 6.536587061892943, 6.437916931311072],
            "rotation": [-90, 0, 0],
            "size": [3.500000000000001, 3.0, 0.0],
            "uv": {
              "north": {
                "texture": 3,
                "uv": [0, 7],
                "uv_size": [7, 6]
              }
            }
          },
          {
            "origin": [
              -11.220413304501886, 7.536587061892945, 9.437916931311072
            ],
            "pivot": [-9.470413304501886, 7.536587061892945, 9.437916931311072],
            "rotation": [-72.5, 0, 0],
            "size": [3.500000000000001, 2.9999999999999982, 0.0],
            "uv": {
              "north": {
                "texture": 3,
                "uv": [0, 0],
                "uv_size": [7, 6]
              }
            }
          }
        ],
        "name": "leaf_tiny_2",
        "parent": "root",
        "pivot": [-9.470413304501884, 7.2196233655874185, 9.367647771588558],
        "rotation": [51.9318813667701, -50.19553024083466, -5.832251077999575]
      },
      {
        "cubes": [
          {
            "origin": [
              -9.720413304501886, 8.286587061892943, 2.4379169313110722
            ],
            "pivot": [
              -7.970413304501885, 8.286587061892943, 3.4379169313110722
            ],
            "rotation": [-90, 0, 0],
            "size": [3.500000000000001, 3.0, 0.0],
            "uv": {
              "north": {
                "texture": 3,